Workbook

Sheet Superdoc Names
A1: Специалност | B1: URL | C1: Full Name | D1: First Name | E1: Last Name | F1: Yes Ind
A2: Психолог, Психотерапевт | B2: https://superdoc.bg/lekar/petar-petrov-8155 | C2: Petar Petrov | D2: Petar | E2: Petrov | F2: =_xlfn.XLOOKUP(B:B,'Parsed Names'!A:A,'Parsed Names'!B:B,"No",0) -> No
A3: Хирург | B3: https://superdoc.bg/lekar/dimitar-dimitrov-8018 | C3: Dimitar Dimitrov | D3: Dimitar | E3: Dimitrov | F3: =_xlfn.XLOOKUP(B:B,'Parsed Names'!A:A,'Parsed Names'!B:B,"No",0) -> No
A4: Хирург | B4: https://superdoc.bg/lekar/dimitar-dimitrov-7210 | C4: Dimitar Dimitrov | D4: Dimitar | E4: Dimitrov | F4: =_xlfn.XLOOKUP(B:B,'Parsed Names'!A:A,'Parsed Names'!B:B,"No",0) -> No
A5: Нефролог (Бъбречни болести) | B5: https://superdoc.bg/lekar/petar-petrov-6831 | C5: Petar Petrov | D5: Petar | E5: Petrov | F5: =_xlfn.XLOOKUP(B:B,'Parsed Names'!A:A,'Parsed Names'!B:B,"No",0) -> No
A6: Кардиолог, Вътрешни болести | B6: https://superdoc.bg/lekar/angel-angelov-6692 | C6: Angel Angelov | D6: Angel | E6: Angelov | F6: =_xlfn.XLOOKUP(B:B,'Parsed Names'!A:A,'Parsed Names'!B:B,"No",0) -> No
A7: Зъболекар (Стоматолог) | B7: https://superdoc.bg/lekar/georgi-atanasov | C7: Georgi Atanasov | D7: Georgi | E7: Atanasov | F7: =_xlfn.XLOOKUP(B:B,'Parsed Names'!A:A,'Parsed Names'!B:B,"No",0) -> No
A8: Акушер-гинеколог | B8: https://superdoc.bg/lekar/teodora-ivanova-6445 | C8: Teodora Ivanova | D8: Teodora | E8: Ivanova | F8: =_xlfn.XLOOKUP(B:B,'Parsed Names'!A:A,'Parsed Names'!B:B,"No",0) -> No
A9: Психолог, Психотерапевт | B9: https://superdoc.bg/lekar/maria-dimitrova-6279 | C9: Maria Dimitrova | D9: Maria | E9: Dimitrova | F9: =_xlfn.XLOOKUP(B:B,'Parsed Names'!A:A,'Parsed Names'!B:B,"No",0) -> No
A10: Гастроентеролог | B10: https://superdoc.bg/lekar/kristina-stoyanova-dimitrova | C10: Kristina Stoyanova Dimitrova | D10: Kristina | E10: Dimitrova | F10: =_xlfn.XLOOKUP(B:B,'Parsed Names'!A:A,'Parsed Names'!B:B,"No",0) -> No
A11: Педиатър | B11: https://superdoc.bg/lekar/d-r-maria-dimitrova | C11: Maria Dimitrova | D11: Maria | E11: Dimitrova | F11: =_xlfn.XLOOKUP(B:B,'Parsed Names'!A:A,'Parsed Names'!B:B,"No",0) -> No
A12: Акушер-гинеколог | B12: https://superdoc.bg/lekar/d-r-todor-dimitrov | C12: Todor Dimitrov | D12: Todor | E12: Dimitrov | F12: =_xlfn.XLOOKUP(B:B,'Parsed Names'!A:A,'Parsed Names'!B:B,"No",0) -> No
A13: Кардиолог | B13: https://superdoc.bg/lekar/todor-dimitrov- | C13: Todor Dimitrov | D13: Todor | E13: Dimitrov | F13: =_xlfn.XLOOKUP(B:B,'Parsed Names'!A:A,'Parsed Names'!B:B,"No",0) -> No
... A88: Общопрактикуващ лекар | B88: https://superdoc.bg/lekar/d-r-hristo-hristov-825 | C88: Hristo Hristov | D88: Hristo | E88: Hristov | F88: =_xlfn.XLOOKUP(B:B,'Parsed Names'!A:A,'Parsed Names'!B:B,"No",0) -> No

Sheet Parsed Names
A1: Superdoc URL | B1: Yes Ind
A2: https://superdoc.bg/lekar/cvetomil-mavrov | B2: Yes
A3: https://superdoc.bg/lekar/tanya-krasteva-9216 | B3: Yes
A4: https://superdoc.bg/lekar/stela-valeva | B4: Yes
A5: https://superdoc.bg/lekar/shermin-erbin | B5: Yes
A6: https://superdoc.bg/lekar/mariya-lazova | B6: Yes
A7: https://superdoc.bg/lekar/diyan-gospodinov | B7: Yes
A8: https://superdoc.bg/lekar/nadezhda-lakova | B8: Yes
A9: https://superdoc.bg/lekar/yuliya-stefanova | B9: Yes
A10: https://superdoc.bg/lekar/izat-radev | B10: Yes
A11: https://superdoc.bg/lekar/simona-markova | B11: Yes
A12: https://superdoc.bg/lekar/gastroskopiya-i-ehografiya-medastra | B12: Yes
... A6244: https://superdoc.bg/lekar/d-r-georgi-markov-121 | B6244: Yes
